Product Name,SKU,Color,Size,Material,URL
"Peugeot Antique Bistro 1874 Pepper Mill, 12cmPeugeot Antique Bistro 1874 Pepper Mill, 12cm",100789,Antique Finish,12cm,Wood,https://peugeotmillsaustralia.com.au/products/peugeot-antique-bistro-1874-pepper-mill-12cm
"Peugeot Isen Long Pepper Mill, 16cmPeugeot Isen Long Pepper Mill, 16cm",100578,Natural Wood,16cm,Wood,https://peugeotmillsaustralia.com.au/products/peugeot-isen-long-pepper-mill-16cm
"Peugeot Isen u'Select Pepper Mill with Crank Handle, 18cmPeugeot Isen u'Select Pepper Mill with Crank Handle, 18cm",100575,Natural Wood,18cm,Wood,https://peugeotmillsaustralia.com.au/products/peugeot-isen-uselect-pepper-mill-with-crank-handle-18cm
"Peugeot Daman Electric u'Select Salt & Pepper Mills Duo, 16cmPeugeot Daman Electric u'Select Salt & Pepper Mills Duo, 16cm",100559,Iridescent Black,16cm,Stainless Steel,https://peugeotmillsaustralia.com.au/products/peugeot-daman-electric-uselect-salt-pepper-mills-duo-16cm
"Peugeot Daman Electric u'Select Pepper Mill, 16cmPeugeot Daman Electric u'Select Pepper Mill, 16cm",100556,Iridescent Black,16cm,Stainless Steel,https://peugeotmillsaustralia.com.au/products/peugeot-daman-electric-uselect-pepper-mill-16cm
"Peugeot Zeli Electric Pepper Mill, 14 cmPeugeot Zeli Electric Pepper Mill, 14 cm",100553,Stainless Steel,14cm,ABS,https://peugeotmillsaustralia.com.au/products/peugeot-zeli-electric-pepper-mill-14-cm
"Peugeot Elis Sense u'Select Electric Salt & Pepper Mills Duo, 20cmPeugeot Elis Sense u'Select Electric Salt & Pepper Mills Duo, 20cm",100552,Stainless Steel,20cm,Stainless Steel,https://peugeotmillsaustralia.com.au/products/peugeot-elis-sense-uselect-electric-salt-pepper-mills-duo-20cm
"Peugeot Line Night Electric Zirlion u'Select Salt & Pepper Mill Gift Set, 15cmPeugeot Line Night Electric Zirlion u'Select Salt & Pepper Mill Gift Set, 15cm",100549,Black Aluminium,15cm,Aluminium,https://peugeotmillsaustralia.com.au/products/peugeot-line-night-electric-z-uselect-salt-pepper-mill-gift-set-15cm
"Peugeot Line Electric Pepper Mill, 15cmPeugeot Line Electric Pepper Mill, 15cm",100545,Carbon,15cm,Aluminium,https://peugeotmillsaustralia.com.au/products/peugeot-line-electric-pepper-mill-15cm
"Peugeot Paris Prestige Pepper Mill, 110cmPeugeot Paris Prestige Pepper Mill, 110cm",100542,Black Lacquered,110cm,Wood,https://peugeotmillsaustralia.com.au/products/peugeot-paris-prestige-pepper-mill-110cm
"Peugeot Lalique Salt & Pepper Mills Duo, 9cmPeugeot Lalique Salt & Pepper Mills Duo, 9cm",100541,Crystal,9cm,Lalique Crystal,https://peugeotmillsaustralia.com.au/products/peugeot-lalique-salt-pepper-mills-duo-9cm
"Peugeot Palace Pepper Mill, 10cmPeugeot Palace Pepper Mill, 10cm",100537,Aged Wood,10cm,Silver Plated Metal and Wood,https://peugeotmillsaustralia.com.au/products/peugeot-palace-pepper-mill-10cm
"Peugeot Mignonnette Pepper Mill, 10cmPeugeot Mignonnette Pepper Mill, 10cm",100535,Silver,10cm,Silver Plated Metal,https://peugeotmillsaustralia.com.au/products/peugeot-mignonnette-pepper-mill-10cm
"Peugeot Vittel Pepper Mill, 23cmPeugeot Vittel Pepper Mill, 23cm",100527,Transparent,23cm,Acrylic,https://peugeotmillsaustralia.com.au/products/peugeot-vittel-pepper-mill-23cm
"Peugeot Vittel Pepper Mill, 16cmPeugeot Vittel Pepper Mill, 16cm",100525,Transparent,16cm,Acrylic,https://peugeotmillsaustralia.com.au/products/peugeot-vittel-pepper-mill-16-cm
"Peugeot Pontarlier Pepper Mill and Salt Shaker, 15cmPeugeot Pontarlier Pepper Mill and Salt Shaker, 15cm",100524,Transparent,15cm,Acrylic,https://peugeotmillsaustralia.com.au/products/peugeot-pontarlier-pepper-mill-and-salt-shaker-15cm
"Peugeot Chaumont Pepper Mill, 11cmPeugeot Chaumont Pepper Mill, 11cm",100522,Transparent,11cm,Acrylic,https://peugeotmillsaustralia.com.au/products/peugeot-chaumont-pepper-mill-11cm
"Peugeot Baltic Pepper Mill, 8cmPeugeot Baltic Pepper Mill, 8cm",100520,Transparent,8cm,Acrylic,https://peugeotmillsaustralia.com.au/products/peugeot-balitc-pepper-mill-8cm
"Peugeot Royan Pepper Mill, 14cmPeugeot Royan Pepper Mill, 14cm",100515,Metallic Grey,14cm,Wood,https://peugeotmillsaustralia.com.au/products/peugeot-royan-pepper-mill-14cm
"Peugeot Oslo Wet Salt & Pepper Mills Duo, 14cmPeugeot Oslo Wet Salt & Pepper Mills Duo, 14cm",100511,Transparent,14cm,Acrylic & Stainless Steel,https://peugeotmillsaustralia.com.au/products/peugeot-oslo-wet-salt-pepper-mills-duo-14cm
"Peugeot Oslo Pepper Mill, 14cmPeugeot Oslo Pepper Mill, 14cm",100507,Transparent,14cm,Acrylic & Stainless Steel,https://peugeotmillsaustralia.com.au/products/peugeot-oslo-pepper-mill-14cm
"Peugeot Molène Pepper Mill, 14cmPeugeot Molène Pepper Mill, 14cm",100496,White,14cm,Acrylic,https://peugeotmillsaustralia.com.au/products/peugeot-molene-pepper-mill-14cm
"Peugeot Ouessant Pepper Mill, 14cmPeugeot Ouessant Pepper Mill, 14cm",100493,Transparent,14cm,Acrylic & Stainless Steel,https://peugeotmillsaustralia.com.au/products/peugeot-ouessant-pepper-mill-14cm
"Peugeot Oléron Pepper Mill, 14cmPeugeot Oléron Pepper Mill, 14cm",100485,Chocolate,14cm,Acrylic & Wood,https://peugeotmillsaustralia.com.au/products/peugeot-oleron-pepper-mill-14cm
"Peugeot Bali Pepper Mill, 8cmPeugeot Bali Pepper Mill, 8cm",100472,Black,8cm,Acrylic,https://peugeotmillsaustralia.com.au/products/peugeot-bali-pepper-mill-8cm
"Peugeot Baya Pepper Mill, 8cmPeugeot Baya Pepper Mill, 8cm",100470,Chocolate,8cm,Wood,https://peugeotmillsaustralia.com.au/products/peugeot-baya-pepper-mill-8cm
"Peugeot Madras Pepper Mill, 21cmPeugeot Madras Pepper Mill, 21cm",100452,Chocolate,21cm,Wood & Stainless Steel,https://peugeotmillsaustralia.com.au/products/peugeot-madras-pepper-mill-21-cm
"Peugeot Madras Pepper Mill, 16cmPeugeot Madras Pepper Mill, 16cm",100450,Chocolate,16cm,Wood & Stainless Steel,https://peugeotmillsaustralia.com.au/products/peugeot-madras-pepper-mill-16-cm
"Peugeot Daman u'Select Pepper Mill, 21cmPeugeot Daman u'Select Pepper Mill, 21cm",100447,Transparent,21cm,Acrylic & Stainless Steel,https://peugeotmillsaustralia.com.au/products/peugeot-daman-uselect-pepper-mill-21-cm
"Peugeot Daman u'Select Pepper Mill, 16cmPeugeot Daman u'Select Pepper Mill, 16cm",100445,Transparent,16cm,Acrylic & Stainless Steel,https://peugeotmillsaustralia.com.au/products/peugeot-daman-uselect-pepper-mill-16-cm
"Peugeot Line Pepper Mill, 22cmPeugeot Line Pepper Mill, 22cm",100435,Graphite & Carbon,22cm,Aluminium,https://peugeotmillsaustralia.com.au/products/peugeot-line-pepper-mill-22-cm
"Peugeot Line Pepper Mill, 18cmPeugeot Line Pepper Mill, 18cm",100432,Natural Wood & Aluminium,18cm,Aluminium,https://peugeotmillsaustralia.com.au/products/peugeot-line-pepper-mill-18-cm
"Peugeot Fidji Pepper Mill, 20cmPeugeot Fidji Pepper Mill, 20cm",100423,Olive Wood,20cm,Wood,https://peugeotmillsaustralia.com.au/products/peugeot-fidji-pepper-mill-20-cm
"Peugeot Fidji Pepper Mill, 15cmPeugeot Fidji Pepper Mill, 15cm",100417,Black,15cm,Wood,https://peugeotmillsaustralia.com.au/products/peugeot-fidji-pepper-mill-15-cm
"Peugeot Fidji Pepper Mill, 12cmPeugeot Fidji Pepper Mill, 12cm",100415,Black,12cm,Wood,https://peugeotmillsaustralia.com.au/products/peugeot-fidji-pepper-mill-12-cm
"Peugeot Tahiti Pepper Mill, 20cmPeugeot Tahiti Pepper Mill, 20cm",100412,Black Matte,20cm,Wood,https://peugeotmillsaustralia.com.au/products/peugeot-tahiti-pepper-mill-20-cm
"Peugeot Tahiti Pepper Mill, 15cmPeugeot Tahiti Pepper Mill, 15cm",100410,Black Matte,15cm,Wood,https://peugeotmillsaustralia.com.au/products/peugeot-tahiti-pepper-mill-15-cm
"Peugeot Tahiti Salt & Pepper Mills Duo, 20cmPeugeot Tahiti Salt & Pepper Mills Duo, 20cm",100405,Black & White,20cm,Wood,https://peugeotmillsaustralia.com.au/products/peugeot-tahiti-salt-pepper-mills-duo-20cm
"Peugeot Tahiti Salt & Pepper Mills Duo, 15cmPeugeot Tahiti Salt & Pepper Mills Duo, 15cm",100400,Air,15cm,Wood,https://peugeotmillsaustralia.com.au/products/peugeot-tahiti-salt-pepper-mills-duo-15cm
"Peugeot Boreal Pepper Mill, 21cmPeugeot Boreal Pepper Mill, 21cm",100392,Hazelnut,21cm,Wood,https://peugeotmillsaustralia.com.au/products/peugeot-boreal-pepper-mill-21-cm
"Peugeot Parisrama u'Select Pepper Mill, 18cmPeugeot Parisrama u'Select Pepper Mill, 18cm",100370,Pacific Blue,18cm,Wood,https://peugeotmillsaustralia.com.au/products/peugeot-paris-uselect-pepper-mill-18-cm-1
"Paris Graphite Light u'Select Salt & Pepper Mill Duo with Stainless Steel Funnel, 18cmParis Graphite Light u'Select Salt & Pepper Mill Duo with Stainless Steel Funnel, 18cm",100365,Graphite,18cm,Wood,https://peugeotmillsaustralia.com.au/products/paris-graphite-light-uselect-salt-pepper-mill-duo-with-stainless-steel-funnel-18cm
"Peugeot Paris u'Select Pepper Mill, 40cmPeugeot Paris u'Select Pepper Mill, 40cm",100284,Natural Wood,40cm,Wood,https://peugeotmillsaustralia.com.au/products/peugeot-paris-uselect-pepper-mill-40-cm
"Peugeot Paris u'Select Pepper Mill, 30cmPeugeot Paris u'Select Pepper Mill, 30cm",100314,Graphite,30cm,Wood,https://peugeotmillsaustralia.com.au/products/peugeot-paris-uselect-pepper-mill-30-cm
"Peugeot Paris u'Select Pepper Mill, 27cmPeugeot Paris u'Select Pepper Mill, 27cm",100297,Chocolate,27cm,Wood,https://peugeotmillsaustralia.com.au/products/peugeot-paris-uselect-pepper-mill-27-cm
"Peugeot Paris u'Select Pepper Mill, 22cmPeugeot Paris u'Select Pepper Mill, 22cm",100312,Graphite,22cm,Wood,https://peugeotmillsaustralia.com.au/products/peugeot-paris-uselect-pepper-mill-22-cm
"Peugeot Paris u'Select Pepper Mill, 18cmPeugeot Paris u'Select Pepper Mill, 18cm",100275,Natural Wood,18cm,Wood,https://peugeotmillsaustralia.com.au/products/peugeot-paris-uselect-pepper-mill-18-cm
"Peugeot Paris u'Select Pepper Mill, 15cmPeugeot Paris u'Select Pepper Mill, 15cm",100272,Natural Wood,15cm,Wood,https://peugeotmillsaustralia.com.au/products/peugeot-paris-uselect-pepper-mill-15-cm
"Peugeot Paris u'Select Pepper Mill, 12cmPeugeot Paris u'Select Pepper Mill, 12cm",100270,Natural Wood,12cm,Wood,https://peugeotmillsaustralia.com.au/products/peugeot-paris-uselect-pepper-mill-12-cm
"Paris Chef u'Select Salt and Pepper Mill Duo, 18cmParis Chef u'Select Salt and Pepper Mill Duo, 18cm",100265,Stainless Steel,18cm,Stainless Steel,https://peugeotmillsaustralia.com.au/products/paris-chef-uselect-salt-and-pepper-mill-duo-18-cm
"Peugeot Paris Chef u'Select Pepper Mill, 30cmPeugeot Paris Chef u'Select Pepper Mill, 30cm",100256,Stainless Steel,30cm,Stainless Steel,https://peugeotmillsaustralia.com.au/products/peugeot-paris-chef-uselect-pepper-mill-30-cm
"Peugeot Paris Chef u'Select Pepper Mill, 22cmPeugeot Paris Chef u'Select Pepper Mill, 22cm",100253,Stainless Steel,22cm,Stainless Steel,https://peugeotmillsaustralia.com.au/products/peugeot-paris-chef-uselect-pepper-mill-22-cm
"Peugeot Paris Chef u'Select Pepper Mill, 18cmPeugeot Paris Chef u'Select Pepper Mill, 18cm",100250,Stainless Steel,18cm,Stainless Steel,https://peugeotmillsaustralia.com.au/products/peugeot-paris-chef-uselect-pepper-mill-in-stainless-steel-18-cm
"Peugeot Paris Antique Pepper Mill, 22cmPeugeot Paris Antique Pepper Mill, 22cm",100241,Aged Wood,22cm,Wood,https://peugeotmillsaustralia.com.au/products/peugeot-paris-antique-pepper-mill-22-cm
"Peugeot Paris Antique Pepper Mill, 18cmPeugeot Paris Antique Pepper Mill, 18cm",100239,Aged Wood,18cm,Wood,https://peugeotmillsaustralia.com.au/products/peugeot-paris-antique-pepper-mill-18-cm
"Peugeot Paris Nature Pepper Mill, 40cmPeugeot Paris Nature Pepper Mill, 40cm",100228,Natural Nature,40cm,Wood,https://peugeotmillsaustralia.com.au/products/peugeot-paris-nature-pepper-mill-40-cm
"Peugeot Paris Nature Pepper Mill, 30cmPeugeot Paris Nature Pepper Mill, 30cm",100226,Natural Nature,30cm,Wood,https://peugeotmillsaustralia.com.au/products/peugeot-paris-nature-pepper-mill-30-cm
"Peugeot Paris Nature Pepper Mill, 22cmPeugeot Paris Nature Pepper Mill, 22cm",100224,Natural Nature,22cm,Wood,https://peugeotmillsaustralia.com.au/products/peugeot-paris-nature-pepper-mill-22-cm
"Peugeot Paris Nature Pepper Mill, 18cmPeugeot Paris Nature Pepper Mill, 18cm",100222,Natural Nature,18cm,Wood,https://peugeotmillsaustralia.com.au/products/peugeot-paris-nature-pepper-mill-18-cm
"Peugeot Paris Nature Pepper Mill, 12cmPeugeot Paris Nature Pepper Mill, 12cm",100220,Natural Nature,12cm,Wood,https://peugeotmillsaustralia.com.au/products/peugeot-paris-nature-pepper-mill-12-cm
"Peugeot Paris Pepper Mill, 80cmPeugeot Paris Pepper Mill, 80cm",100198,Chocolate,80cm,Wood,https://peugeotmillsaustralia.com.au/products/peugeot-paris-pepper-mill-80-cm
"Peugeot Paris Pepper Mill, 50cmPeugeot Paris Pepper Mill, 50cm",100197,Chocolate,50cm,Wood,https://peugeotmillsaustralia.com.au/products/peugeot-paris-pepper-mill-50-cm
"Peugeot Paris Pepper Mill, 40cmPeugeot Paris Pepper Mill, 40cm",100196,Chocolate,40cm,Wood,https://peugeotmillsaustralia.com.au/products/peugeot-paris-pepper-mill-40-cm
"Peugeot Paris Pepper Mill, 30cmPeugeot Paris Pepper Mill, 30cm",100186,Natural Wood,30cm,Wood,https://peugeotmillsaustralia.com.au/products/peugeot-paris-pepper-mill-30-cm
"Peugeot Paris Pepper Mill, 22cmPeugeot Paris Pepper Mill, 22cm",100184,Natural Wood,22cm,Wood,https://peugeotmillsaustralia.com.au/products/peugeot-paris-pepper-mill-22-cm
"Peugeot Parisrama Pepper Mill, 18cmPeugeot Parisrama Pepper Mill, 18cm",100207,Pacific Blue,18cm,Wood,https://peugeotmillsaustralia.com.au/products/peugeot-parisrama-pepper-mill-18-cm
"Peugeot Paris Pepper Mill, 18cmPeugeot Paris Pepper Mill, 18cm",100182,Natural Wood,18cm,Wood,https://peugeotmillsaustralia.com.au/products/peugeot-paris-pepper-mill-18-cm
"Peugeot Paris Pepper Mill, 12cmPeugeot Paris Pepper Mill, 12cm",100180,Natural Wood,12cm,Wood,https://peugeotmillsaustralia.com.au/products/peugeot-paris-pepper-mill-12-cm
"Peugeot Nancy Salt & Pepper Mills Duo in Acrylic, 18cmPeugeot Nancy Salt & Pepper Mills Duo in Acrylic, 18cm",100175,Transparent,18cm,Acrylic,https://peugeotmillsaustralia.com.au/products/peugeot-nancy-salt-pepper-mills-duo-in-acrylic-18-cm
"Peugeot Nancy Salt & Pepper Mills Duo in Acrylic, 12cmPeugeot Nancy Salt & Pepper Mills Duo in Acrylic, 12cm",100174,Transparent,12cm,Acrylic,https://peugeotmillsaustralia.com.au/products/peugeot-nancy-salt-pepper-mills-duo-in-acrylic-12-cm
"Peugeot Nancy Pepper Mill in Acrylic, 38cmPeugeot Nancy Pepper Mill in Acrylic, 38cm",100172,Transparent,38cm,Acrylic,https://peugeotmillsaustralia.com.au/products/peugeot-nancy-pepper-mill-in-acrylic-38-cm
"Peugeot Nancy Pepper Mill in Acrylic, 30cmPeugeot Nancy Pepper Mill in Acrylic, 30cm",100170,Transparent,30cm,Acrylic,https://peugeotmillsaustralia.com.au/products/peugeot-nancy-pepper-mill-in-acrylic-30-cm
"Peugeot Nancy Pepper Mill in Acrylic, 22cmPeugeot Nancy Pepper Mill in Acrylic, 22cm",100168,Transparent,22cm,Acrylic,https://peugeotmillsaustralia.com.au/products/peugeot-nancy-pepper-mill-in-acrylic-22-cm
"Peugeot Nancy Pepper Mill in Acrylic, 18cmPeugeot Nancy Pepper Mill in Acrylic, 18cm",100165,Transparent,18cm,Acrylic,https://peugeotmillsaustralia.com.au/products/peugeot-nancy-pepper-mill-in-acrylic-18-cm
"Peugeot Nancy Pepper Mill in Acrylic, 12cmPeugeot Nancy Pepper Mill in Acrylic, 12cm",100163,Transparent,12cm,Acrylic,https://peugeotmillsaustralia.com.au/products/peugeot-nancy-pepper-mill-in-acrylic-12-cm
"Peugeot Bistro Nature Pepper Mill, 10cmPeugeot Bistro Nature Pepper Mill, 10cm",100151,Natural Nature,10cm,Wood,https://peugeotmillsaustralia.com.au/products/peugeot-bistro-antique-pepper-mill-in-aged-wood-10-cm-copy
"Peugeot Bistro Antique Pepper Mill in Aged Wood, 10 cmPeugeot Bistro Antique Pepper Mill in Aged Wood, 10 cm",100141,Aged Wood,10cm,Wood,https://peugeotmillsaustralia.com.au/products/peugeot-bistro-pepper-mill-in-acrylic-10-cm-copy
"Peugeot Bistro Pepper Mill in Acrylic, 10 cmPeugeot Bistro Pepper Mill in Acrylic, 10 cm",100106,Transparent,10cm,Acrylic,https://peugeotmillsaustralia.com.au/products/peugeot-bistro-transparent-pepper-mill-10-cm
"Peugeot BBQ Pepper Mill in Graphite, 30 cmPeugeot BBQ Pepper Mill in Graphite, 30 cm",100465,Graphite,30cm,Wood,https://peugeotmillsaustralia.com.au/products/peugeot-bbq-pepper-mill-in-graphite-wood-30cm
"Peugeot Daman u'Select Salt & Pepper Mills Duo, 16 cmPeugeot Daman u'Select Salt & Pepper Mills Duo, 16 cm",100449,Transparent,16cm,Acrylic & Stainless Steel,https://peugeotmillsaustralia.com.au/products/peugeot-daman-s-p-duo-16cm-uselect
"Peugeot Line Pepper Mill, 12 cmPeugeot Line Pepper Mill, 12 cm",100430,Natural Wood & Aluminium,12cm,Aluminium,https://peugeotmillsaustralia.com.au/products/peugeot-pepper-mill-in-aluminium-body-12-cm
"Peugeot Bistro Chef Pepper Mill in Stainless Steel, 10 cmPeugeot Bistro Chef Pepper Mill in Stainless Steel, 10 cm",100143,Stainless Steel,10cm,Stainless Steel,https://peugeotmillsaustralia.com.au/products/bistro-chef-pepper-mill-in-stainless-steel-10-cm
"Peugeot Bistrorama Pepper Mill, 10 cmPeugeot Bistrorama Pepper Mill, 10 cm",100116,Grey,10cm,Wood,https://peugeotmillsaustralia.com.au/products/peugeot-bistro-pepper-mill-in-passion-red-10-cm
"Peugeot Bistro Pepper Mill, 10 cmPeugeot Bistro Pepper Mill, 10 cm",100100,Natural Wood,10cm,n/a,https://peugeotmillsaustralia.com.au/products/peugeot-bistro-pepper-mill-in-natural-wood-10-cm
